{
  "f0": {
    "mean": 0.5360022551357014,
    "std": 2.6528234919808633,
    "min": -7.9876563829886456,
    "max": 9.439933572423955,
    "hist": [
      4,
      17,
      31,
      67,
      143,
      156,
      272,
      359,
      423,
      454,
      476,
      432,
      369,
      242,
      181,
      75,
      30,
      10,
      6,
      3
    ]
  },
  "f1": {
    "mean": -0.6181018286654845,
    "std": 1.8477663916950058,
    "min": -6.08461897129663,
    "max": 5.425921063807495,
    "hist": [
      4,
      12,
      31,
      86,
      134,
      250,
      326,
      400,
      445,
      467,
      447,
      357,
      263,
      211,
      113,
      92,
      59,
      28,
      17,
      8
    ]
  },
  "f2": {
    "mean": -0.005885873743522966,
    "std": 0.9974941609321195,
    "min": -3.532818187678899,
    "max": 3.6024150242105293,
    "hist": [
      6,
      6,
      15,
      32,
      96,
      146,
      255,
      380,
      479,
      512,
      535,
      457,
      345,
      223,
      127,
      67,
      45,
      16,
      5,
      3
    ]
  },
  "f3": {
    "mean": -1.1816474480676487,
    "std": 1.296730615181703,
    "min": -5.861886251979858,
    "max": 3.7910075940526147,
    "hist": [
      2,
      12,
      22,
      50,
      76,
      149,
      235,
      365,
      532,
      618,
      572,
      473,
      252,
      179,
      101,
      61,
      30,
      17,
      2,
      2
    ]
  },
  "f4": {
    "mean": -0.003320643806422593,
    "std": 1.938666195543319,
    "min": -5.616264720826111,
    "max": 6.785695150155311,
    "hist": [
      9,
      21,
      56,
      126,
      178,
      265,
      329,
      431,
      430,
      440,
      428,
      344,
      307,
      183,
      110,
      48,
      30,
      9,
      5,
      1
    ]
  },
  "f5": {
    "mean": 0.6056431309882268,
    "std": 1.6595565410968705,
    "min": -4.602126458676072,
    "max": 6.427987255426841,
    "hist": [
      4,
      16,
      34,
      94,
      144,
      245,
      299,
      331,
      399,
      475,
      525,
      456,
      311,
      201,
      120,
      52,
      29,
      8,
      5,
      2
    ]
  },
  "f6": {
    "mean": -1.9023535124553836,
    "std": 3.088710889970735,
    "min": -13.666426157744471,
    "max": 10.248152923840692,
    "hist": [
      2,
      3,
      6,
      22,
      50,
      120,
      238,
      439,
      596,
      639,
      509,
      401,
      289,
      181,
      123,
      74,
      35,
      17,
      4,
      2
    ]
  },
  "f7": {
    "mean": 0.01837418680146362,
    "std": 2.0774824337798137,
    "min": -7.11146119063,
    "max": 6.281235697580246,
    "hist": [
      2,
      3,
      15,
      47,
      88,
      115,
      206,
      266,
      397,
      409,
      447,
      454,
      440,
      328,
      227,
      159,
      99,
      34,
      10,
      4
    ]
  },
  "f8": {
    "mean": 0.0016435127180587992,
    "std": 1.01729005647202,
    "min": -4.4656038635288775,
    "max": 3.3482071855389752,
    "hist": [
      1,
      0,
      3,
      8,
      17,
      31,
      93,
      193,
      340,
      424,
      505,
      578,
      502,
      434,
      303,
      170,
      91,
      33,
      19,
      5
    ]
  },
  "f9": {
    "mean": -0.03363782630159645,
    "std": 1.8311685303166108,
    "min": -6.609251407362594,
    "max": 5.558741909351096,
    "hist": [
      2,
      2,
      17,
      33,
      54,
      108,
      203,
      306,
      342,
      385,
      413,
      502,
      450,
      387,
      266,
      158,
      82,
      30,
      7,
      3
    ]
  }
}